char_002_amiya_1,https://media.prts.wiki/0/09/Avg_char_002_amiya_1.png
char_002_amiya_10,https://media.prts.wiki/f/fb/Avg_char_002_amiya_10.png
char_002_amiya_11,https://media.prts.wiki/c/c2/Avg_char_002_amiya_11.png
char_002_amiya_2,https://media.prts.wiki/1/19/Avg_char_002_amiya_2.png
char_002_amiya_3,https://media.prts.wiki/5/5f/Avg_char_002_amiya_3.png
char_002_amiya_4,https://media.prts.wiki/e/ed/Avg_char_002_amiya_4.png
char_002_amiya_5,https://media.prts.wiki/1/1a/Avg_char_002_amiya_5.png
char_002_amiya_6,https://media.prts.wiki/6/6f/Avg_char_002_amiya_6.png
char_002_amiya_7,https://media.prts.wiki/a/ad/Avg_char_002_amiya_7.png
char_002_amiya_8,https://media.prts.wiki/c/c7/Avg_char_002_amiya_8.png
char_002_amiya_9,https://media.prts.wiki/d/d2/Avg_char_002_amiya_9.png
char_002_amiya_summer_1,https://media.prts.wiki/0/0e/Avg_char_002_amiya_summer_1.png
char_002_amiya_summer_2,https://media.prts.wiki/8/86/Avg_char_002_amiya_summer_2.png
char_003_kaltsn07_1,https://media.prts.wiki/6/60/Avg_char_003_kaltsn07_1.png
char_003_kaltsn07_2,https://media.prts.wiki/b/b5/Avg_char_003_kaltsn07_2.png
char_003_kaltsn07_3,https://media.prts.wiki/1/19/Avg_char_003_kaltsn07_3.png
char_003_kaltsn08_1,https://media.prts.wiki/3/3f/Avg_char_003_kaltsn08_1.png
char_003_kaltsn08_2,https://media.prts.wiki/2/2c/Avg_char_003_kaltsn08_2.png
char_003_kaltsn08_3,https://media.prts.wiki/1/18/Avg_char_003_kaltsn08_3.png
char_003_kaltsn08_4,https://media.prts.wiki/9/93/Avg_char_003_kaltsn08_4.png
char_003_kaltsn08_5,https://media.prts.wiki/c/ce/Avg_char_003_kaltsn08_5.png
char_003_kaltsn08_6,https://media.prts.wiki/5/52/Avg_char_003_kaltsn08_6.png
char_003_kaltsn09_1,https://media.prts.wiki/4/43/Avg_char_003_kaltsn09_1.png
char_003_kaltsn09_2,https://media.prts.wiki/b/bf/Avg_char_003_kaltsn09_2.png
char_003_kaltsn09_3,https://media.prts.wiki/d/d4/Avg_char_003_kaltsn09_3.png
char_003_kalts_1,https://media.prts.wiki/d/d3/Avg_char_003_kalts_1.png
char_003_kalts_2,https://media.prts.wiki/f/fc/Avg_char_003_kalts_2.png
char_003_kalts_3,https://media.prts.wiki/1/14/Avg_char_003_kalts_3.png
char_003_kalts_4,https://media.prts.wiki/0/04/Avg_char_003_kalts_4.png
char_003_kalts_5,https://media.prts.wiki/8/8a/Avg_char_003_kalts_5.png
char_007_closre_1,https://media.prts.wiki/0/0c/Avg_char_007_closre_1.png
char_007_closre_2,https://media.prts.wiki/4/47/Avg_char_007_closre_2.png
char_007_closre_3,https://media.prts.wiki/b/b7/Avg_char_007_closre_3.png
char_007_closre_4,https://media.prts.wiki/8/81/Avg_char_007_closre_4.png
char_007_closre_5,https://media.prts.wiki/8/86/Avg_char_007_closre_5.png
char_007_closre_6,https://media.prts.wiki/4/47/Avg_char_007_closre_6.png
char_009_12fce_1,https://media.prts.wiki/7/7d/Avg_char_009_12fce_1.png
char_010_chen_1,https://media.prts.wiki/3/39/Avg_char_010_chen_1.png
char_010_chen_2,https://media.prts.wiki/1/16/Avg_char_010_chen_2.png
char_010_chen_3,https://media.prts.wiki/a/ab/Avg_char_010_chen_3.png
char_010_chen_4,https://media.prts.wiki/6/6b/Avg_char_010_chen_4.png
char_010_chen_5,https://media.prts.wiki/c/c6/Avg_char_010_chen_5.png
char_010_chen_6,https://media.prts.wiki/9/9c/Avg_char_010_chen_6.png
char_010_chen_7,https://media.prts.wiki/c/ce/Avg_char_010_chen_7.png
char_010_chen_summer,https://media.prts.wiki/b/b4/Avg_char_010_chen_summer.png
char_011_talula_1,https://media.prts.wiki/2/22/Avg_char_011_talula_1.png
char_011_talula_2,https://media.prts.wiki/5/50/Avg_char_011_talula_2.png
char_011_talula_3,https://media.prts.wiki/5/56/Avg_char_011_talula_3.png
char_011_talula_4,https://media.prts.wiki/e/e7/Avg_char_011_talula_4.png
char_012_misa_1,https://media.prts.wiki/0/05/Avg_char_012_misa_1.png
char_012_misa_2,https://media.prts.wiki/7/70/Avg_char_012_misa_2.png
char_012_misa_3,https://media.prts.wiki/6/6a/Avg_char_012_misa_3.png
char_012_misa_4,https://media.prts.wiki/7/72/Avg_char_012_misa_4.png
char_012_misa_5,https://media.prts.wiki/9/91/Avg_char_012_misa_5.png
char_013_riop,https://media.prts.wiki/9/96/Avg_char_013_riop.png
char_014_riope,https://media.prts.wiki/9/95/Avg_char_014_riope.png
char_015_lmg,https://media.prts.wiki/2/25/Avg_char_015_lmg.png
char_016_medic,https://media.prts.wiki/3/39/Avg_char_016_medic.png
char_017_homura_1,https://media.prts.wiki/d/df/Avg_char_017_homura_1.png
char_017_homura_10,https://media.prts.wiki/5/56/Avg_char_017_homura_10.png
char_017_homura_11,https://media.prts.wiki/0/0a/Avg_char_017_homura_11.png
char_017_homura_2,https://media.prts.wiki/d/d2/Avg_char_017_homura_2.png
char_017_homura_3,https://media.prts.wiki/3/34/Avg_char_017_homura_3.png
char_017_homura_4,https://media.prts.wiki/c/c9/Avg_char_017_homura_4.png
char_017_homura_5,https://media.prts.wiki/8/83/Avg_char_017_homura_5.png
char_017_homura_6,https://media.prts.wiki/0/06/Avg_char_017_homura_6.png
char_017_homura_7,https://media.prts.wiki/9/9e/Avg_char_017_homura_7.png
char_017_homura_8,https://media.prts.wiki/0/09/Avg_char_017_homura_8.png
char_017_homura_9,https://media.prts.wiki/a/a8/Avg_char_017_homura_9.png
char_017_homura_summer,https://media.prts.wiki/5/58/Avg_char_017_homura_summer.png
char_1002_nsabr_1,https://media.prts.wiki/1/1e/Avg_char_1002_nsabr_1.png
char_1002_nsabr_2,https://media.prts.wiki/2/27/Avg_char_1002_nsabr_2.png
char_1011_purgatory_1-1,https://media.prts.wiki/6/6a/Avg_char_1011_purgatory_1-1.png
char_1011_purgatory_1-2,https://media.prts.wiki/d/de/Avg_char_1011_purgatory_1-2.png
char_1011_purgatory_1-3,https://media.prts.wiki/7/78/Avg_char_1011_purgatory_1-3.png
char_1011_purgatory_1-4,https://media.prts.wiki/1/12/Avg_char_1011_purgatory_1-4.png
char_1011_purgatory_1-5,https://media.prts.wiki/d/db/Avg_char_1011_purgatory_1-5.png
char_1011_wizard_1,https://media.prts.wiki/8/8e/Avg_char_1011_wizard_1.png
char_1011_wizard_2,https://media.prts.wiki/c/c2/Avg_char_1011_wizard_2.png
char_101_sora_1,https://media.prts.wiki/7/7f/Avg_char_101_sora_1.png
char_101_sora_2,https://media.prts.wiki/1/1d/Avg_char_101_sora_2.png
char_101_sora_3,https://media.prts.wiki/7/75/Avg_char_101_sora_3.png
char_101_sora_4,https://media.prts.wiki/f/f1/Avg_char_101_sora_4.png
char_101_sora_5,https://media.prts.wiki/d/d2/Avg_char_101_sora_5.png
char_101_sora_6,https://media.prts.wiki/4/4b/Avg_char_101_sora_6.png
char_101_sora_7,https://media.prts.wiki/5/5d/Avg_char_101_sora_7.png
char_101_sora_summer,https://media.prts.wiki/c/c2/Avg_char_101_sora_summer.png
char_102_texas_1,https://media.prts.wiki/8/88/Avg_char_102_texas_1.png
char_102_texas_2,https://media.prts.wiki/b/bc/Avg_char_102_texas_2.png
char_102_texas_3,https://media.prts.wiki/0/01/Avg_char_102_texas_3.png
char_102_texas_4,https://media.prts.wiki/2/21/Avg_char_102_texas_4.png
char_102_texas_5,https://media.prts.wiki/3/31/Avg_char_102_texas_5.png
char_103_angel_1,https://media.prts.wiki/c/cc/Avg_char_103_angel_1.png
char_103_angel_2,https://media.prts.wiki/8/80/Avg_char_103_angel_2.png
char_103_angel_3,https://media.prts.wiki/7/78/Avg_char_103_angel_3.png
char_103_angel_4,https://media.prts.wiki/1/17/Avg_char_103_angel_4.png
char_103_angel_5,https://media.prts.wiki/9/92/Avg_char_103_angel_5.png
char_103_angel_6,https://media.prts.wiki/e/ed/Avg_char_103_angel_6.png
char_103_angel_7,https://media.prts.wiki/2/2a/Avg_char_103_angel_7.png
char_103_angel_8,https://media.prts.wiki/d/d1/Avg_char_103_angel_8.png
char_105_emper,https://media.prts.wiki/7/75/Avg_char_105_emper.png
char_106_franka_1,https://media.prts.wiki/4/49/Avg_char_106_franka_1.png
char_107_liskam_1,https://media.prts.wiki/7/7e/Avg_char_107_liskam_1.png
char_108_silent_1-1,https://media.prts.wiki/c/ce/Avg_char_108_silent_1-1.png
char_108_silent_1-2,https://media.prts.wiki/a/a3/Avg_char_108_silent_1-2.png
char_108_silent_1-3,https://media.prts.wiki/7/79/Avg_char_108_silent_1-3.png
char_108_silent_1-4,https://media.prts.wiki/c/c4/Avg_char_108_silent_1-4.png
char_108_silent_1-5,https://media.prts.wiki/d/d6/Avg_char_108_silent_1-5.png
char_109_fmout_1,https://media.prts.wiki/3/3e/Avg_char_109_fmout_1.png
char_109_fmout_2,https://media.prts.wiki/d/d3/Avg_char_109_fmout_2.png
char_112_seige_1,https://media.prts.wiki/1/12/Avg_char_112_seige_1.png
char_115_headbr_1,https://media.prts.wiki/f/ff/Avg_char_115_headbr_1.png
char_115_headbr_10,https://media.prts.wiki/b/bb/Avg_char_115_headbr_10.png
char_115_headbr_11,https://media.prts.wiki/0/00/Avg_char_115_headbr_11.png
char_115_headbr_12,https://media.prts.wiki/b/b4/Avg_char_115_headbr_12.png
char_115_headbr_2,https://media.prts.wiki/b/b6/Avg_char_115_headbr_2.png
char_115_headbr_3,https://media.prts.wiki/8/87/Avg_char_115_headbr_3.png
char_115_headbr_4,https://media.prts.wiki/5/5e/Avg_char_115_headbr_4.png
char_115_headbr_5,https://media.prts.wiki/d/d8/Avg_char_115_headbr_5.png
char_115_headbr_6,https://media.prts.wiki/4/4c/Avg_char_115_headbr_6.png
char_115_headbr_7,https://media.prts.wiki/e/eb/Avg_char_115_headbr_7.png
char_115_headbr_8,https://media.prts.wiki/2/26/Avg_char_115_headbr_8.png
char_115_headbr_9,https://media.prts.wiki/2/21/Avg_char_115_headbr_9.png
char_117_myrrh-1,https://media.prts.wiki/a/a5/Avg_char_117_myrrh-1.png
char_117_myrrh-2,https://media.prts.wiki/a/ae/Avg_char_117_myrrh-2.png
char_117_myrrh-3,https://media.prts.wiki/e/ec/Avg_char_117_myrrh-3.png
char_117_myrrh-4,https://media.prts.wiki/6/65/Avg_char_117_myrrh-4.png
char_117_myrrh-5,https://media.prts.wiki/1/1f/Avg_char_117_myrrh-5.png
char_117_myrrh-6,https://media.prts.wiki/b/ba/Avg_char_117_myrrh-6.png
char_118_yuki,https://media.prts.wiki/f/f6/Avg_char_118_yuki.png
char_118_yuki_2,https://media.prts.wiki/5/5b/Avg_char_118_yuki_2.png
char_118_yuki_3,https://media.prts.wiki/e/e8/Avg_char_118_yuki_3.png
char_118_yuki_4,https://media.prts.wiki/7/7a/Avg_char_118_yuki_4.png
char_118_yuki_5,https://media.prts.wiki/3/30/Avg_char_118_yuki_5.png
char_120_hibisc_1,https://media.prts.wiki/b/b2/Avg_char_120_hibisc_1.png
char_121_lava_1,https://media.prts.wiki/f/fc/Avg_char_121_lava_1.png
char_121_lava_2,https://media.prts.wiki/e/ee/Avg_char_121_lava_2.png
char_121_lava_3,https://media.prts.wiki/3/31/Avg_char_121_lava_3.png
char_121_lava_4,https://media.prts.wiki/7/75/Avg_char_121_lava_4.png
char_122_beagle_1,https://media.prts.wiki/2/20/Avg_char_122_beagle_1.png
char_123_fang_1,https://media.prts.wiki/8/8f/Avg_char_123_fang_1.png
char_124_kroos_1-2,https://media.prts.wiki/0/08/Avg_char_124_kroos_1-2.png
char_124_kroos_1-3,https://media.prts.wiki/4/45/Avg_char_124_kroos_1-3.png
char_124_kroos_1,https://media.prts.wiki/a/ac/Avg_char_124_kroos_1.png
char_128_plosis_1,https://media.prts.wiki/3/3c/Avg_char_128_plosis_1.png
char_130_doberm_ex,https://media.prts.wiki/b/be/Avg_char_130_doberm_ex.png
char_130_doberm_ex_2,https://media.prts.wiki/b/b4/Avg_char_130_doberm_ex_2.png
char_130_doberm_ex_3,https://media.prts.wiki/0/00/Avg_char_130_doberm_ex_3.png
char_130_doberm_ex_4,https://media.prts.wiki/c/c8/Avg_char_130_doberm_ex_4.png
char_130_doberm_ex_5,https://media.prts.wiki/c/c5/Avg_char_130_doberm_ex_5.png
char_131_flameb_1,https://media.prts.wiki/8/84/Avg_char_131_flameb_1.png
char_131_flameb_2,https://media.prts.wiki/b/b5/Avg_char_131_flameb_2.png
char_131_flameb_3,https://media.prts.wiki/d/df/Avg_char_131_flameb_3.png
char_131_flameb_4,https://media.prts.wiki/b/bf/Avg_char_131_flameb_4.png
char_131_flameb_5,https://media.prts.wiki/b/be/Avg_char_131_flameb_5.png
char_131_flameb_6,https://media.prts.wiki/3/33/Avg_char_131_flameb_6.png
char_131_flameb_7,https://media.prts.wiki/6/67/Avg_char_131_flameb_7.png
char_133_mm_1,https://media.prts.wiki/a/a5/Avg_char_133_mm_1.png
char_134_ifrit_1,https://media.prts.wiki/b/b0/Avg_char_134_ifrit_1.png
char_134_ifrit_10,https://media.prts.wiki/5/55/Avg_char_134_ifrit_10.png
char_134_ifrit_11,https://media.prts.wiki/2/20/Avg_char_134_ifrit_11.png
char_134_ifrit_2,https://media.prts.wiki/4/4c/Avg_char_134_ifrit_2.png
char_134_ifrit_3,https://media.prts.wiki/b/b0/Avg_char_134_ifrit_3.png
char_134_ifrit_4,https://media.prts.wiki/8/85/Avg_char_134_ifrit_4.png
char_134_ifrit_5,https://media.prts.wiki/0/02/Avg_char_134_ifrit_5.png
char_134_ifrit_6,https://media.prts.wiki/0/09/Avg_char_134_ifrit_6.png
char_134_ifrit_7,https://media.prts.wiki/2/2b/Avg_char_134_ifrit_7.png
char_134_ifrit_8,https://media.prts.wiki/1/1a/Avg_char_134_ifrit_8.png
char_134_ifrit_9,https://media.prts.wiki/c/ca/Avg_char_134_ifrit_9.png
char_134_ifrit_summer_1,https://media.prts.wiki/c/c4/Avg_char_134_ifrit_summer_1.png
char_136_hsguma_1,https://media.prts.wiki/2/21/Avg_char_136_hsguma_1.png
char_136_hsguma_3,https://media.prts.wiki/9/9d/Avg_char_136_hsguma_3.png
char_136_hsguma_ns_1,https://media.prts.wiki/1/1e/Avg_char_136_hsguma_ns_1.png
char_136_hsguma_ns_2,https://media.prts.wiki/d/d9/Avg_char_136_hsguma_ns_2.png
char_136_hsguma_ns_3,https://media.prts.wiki/1/1f/Avg_char_136_hsguma_ns_3.png
char_136_hsguma_ns_4,https://media.prts.wiki/9/95/Avg_char_136_hsguma_ns_4.png
char_136_hsguma_ns_5,https://media.prts.wiki/6/69/Avg_char_136_hsguma_ns_5.png
char_137_brownb_1,https://media.prts.wiki/2/2d/Avg_char_137_brownb_1.png
char_140_whitew_1,https://media.prts.wiki/6/6b/Avg_char_140_whitew_1.png
char_141_nights_1,https://media.prts.wiki/7/71/Avg_char_141_nights_1.png
char_143_ghost,https://media.prts.wiki/7/7a/Avg_char_143_ghost.png
char_143_ghost_2,https://media.prts.wiki/e/e6/Avg_char_143_ghost_2.png
char_143_ghost_3,https://media.prts.wiki/a/a9/Avg_char_143_ghost_3.png
char_143_ghost_4,https://media.prts.wiki/0/09/Avg_char_143_ghost_4.png
char_144_red_1,https://media.prts.wiki/2/29/Avg_char_144_red_1.png
char_144_red_2,https://media.prts.wiki/7/7c/Avg_char_144_red_2.png
char_144_red_3,https://media.prts.wiki/b/b4/Avg_char_144_red_3.png
char_144_red_4,https://media.prts.wiki/5/50/Avg_char_144_red_4.png
char_144_red_5,https://media.prts.wiki/a/a6/Avg_char_144_red_5.png
char_144_red_6,https://media.prts.wiki/3/3d/Avg_char_144_red_6.png
char_144_red_7,https://media.prts.wiki/9/9e/Avg_char_144_red_7.png
char_144_red_8,https://media.prts.wiki/3/3f/Avg_char_144_red_8.png
char_145_prove_1-2,https://media.prts.wiki/8/8e/Avg_char_145_prove_1-2.png
char_145_prove_1-3,https://media.prts.wiki/b/b5/Avg_char_145_prove_1-3.png
char_145_prove_1-4,https://media.prts.wiki/f/fb/Avg_char_145_prove_1-4.png
char_145_prove_1-5,https://media.prts.wiki/6/6d/Avg_char_145_prove_1-5.png
char_145_prove_1,https://media.prts.wiki/5/56/Avg_char_145_prove_1.png
char_147_shining_1,https://media.prts.wiki/4/44/Avg_char_147_shining_1.png
char_147_shining_2,https://media.prts.wiki/6/69/Avg_char_147_shining_2.png
char_148_nearl_1,https://media.prts.wiki/b/b4/Avg_char_148_nearl_1.png
char_148_nearl_2,https://media.prts.wiki/4/43/Avg_char_148_nearl_2.png
char_148_nearl_3,https://media.prts.wiki/6/66/Avg_char_148_nearl_3.png
char_148_nearl_4,https://media.prts.wiki/a/a9/Avg_char_148_nearl_4.png
char_148_nearl_5,https://media.prts.wiki/0/08/Avg_char_148_nearl_5.png
char_148_nearl_6,https://media.prts.wiki/4/4e/Avg_char_148_nearl_6.png
char_148_nearl_7,https://media.prts.wiki/a/a0/Avg_char_148_nearl_7.png
char_148_nearl_9,https://media.prts.wiki/3/32/Avg_char_148_nearl_9.png
char_148_nearl_ns_1,https://media.prts.wiki/b/ba/Avg_char_148_nearl_ns_1.png
char_148_nearl_ns_2,https://media.prts.wiki/f/f7/Avg_char_148_nearl_ns_2.png
char_148_nearl_ns_3,https://media.prts.wiki/c/c0/Avg_char_148_nearl_ns_3.png
char_148_nearl_ns_4,https://media.prts.wiki/3/36/Avg_char_148_nearl_ns_4.png
char_148_nearl_ns_5,https://media.prts.wiki/c/c2/Avg_char_148_nearl_ns_5.png
char_148_nearl_ns_6,https://media.prts.wiki/6/67/Avg_char_148_nearl_ns_6.png
char_148_nearl_ns_7,https://media.prts.wiki/7/7e/Avg_char_148_nearl_ns_7.png
char_148_nearl_ns_8,https://media.prts.wiki/8/8c/Avg_char_148_nearl_ns_8.png
char_1500_skulsr,https://media.prts.wiki/8/8f/Avg_char_1500_skulsr.png
char_1502_crowns,https://media.prts.wiki/3/3f/Avg_char_1502_crowns.png
char_1502_crowns_1,https://media.prts.wiki/5/5f/Avg_char_1502_crowns_1.png
char_1504_cqbw_1,https://media.prts.wiki/d/d9/Avg_char_1504_cqbw_1.png
char_1504_cqbw_2,https://media.prts.wiki/6/66/Avg_char_1504_cqbw_2.png
char_1504_cqbw_3,https://media.prts.wiki/8/8c/Avg_char_1504_cqbw_3.png
char_1504_cqbw_4,https://media.prts.wiki/0/08/Avg_char_1504_cqbw_4.png
char_1504_cqbw_5,https://media.prts.wiki/7/77/Avg_char_1504_cqbw_5.png
char_1505_frstar_1,https://media.prts.wiki/b/b5/Avg_char_1505_frstar_1.png
char_1505_frstar_10,https://media.prts.wiki/0/0c/Avg_char_1505_frstar_10.png
char_1505_frstar_2,https://media.prts.wiki/2/26/Avg_char_1505_frstar_2.png
char_1505_frstar_3,https://media.prts.wiki/c/c2/Avg_char_1505_frstar_3.png
char_1505_frstar_4,https://media.prts.wiki/6/64/Avg_char_1505_frstar_4.png
char_1505_frstar_5,https://media.prts.wiki/1/10/Avg_char_1505_frstar_5.png
char_1505_frstar_6,https://media.prts.wiki/e/ef/Avg_char_1505_frstar_6.png
char_1505_frstar_7,https://media.prts.wiki/6/6c/Avg_char_1505_frstar_7.png
char_1505_frstar_8,https://media.prts.wiki/6/63/Avg_char_1505_frstar_8.png
char_1505_frstar_9,https://media.prts.wiki/a/af/Avg_char_1505_frstar_9.png
char_1507_mephisto_1,https://media.prts.wiki/3/36/Avg_char_1507_Mephisto_1.png
char_1507_mephisto_2,https://media.prts.wiki/7/74/Avg_char_1507_Mephisto_2.png
char_1507_mephisto_3,https://media.prts.wiki/0/0c/Avg_char_1507_Mephisto_3.png
char_1507_mephisto_4,https://media.prts.wiki/5/58/Avg_char_1507_Mephisto_4.png
char_1507_mephisto_5,https://media.prts.wiki/9/94/Avg_char_1507_Mephisto_5.png
char_1507_mephisto_6,https://media.prts.wiki/4/41/Avg_char_1507_Mephisto_6.png
char_1508_faust_1,https://media.prts.wiki/1/1d/Avg_char_1508_Faust_1.png
char_1508_faust_2,https://media.prts.wiki/3/36/Avg_char_1508_Faust_2.png
char_150_snakekiller_1,https://media.prts.wiki/b/b8/Avg_char_150_snakekiller_1.png
char_151_myrtle_1,https://media.prts.wiki/c/c4/Avg_char_151_myrtle_1.png
char_154_morgan_1,https://media.prts.wiki/d/de/Avg_char_154_morgan_1.png
char_155_tiger_1,https://media.prts.wiki/9/9d/Avg_char_155_tiger_1.png
char_158_milu,https://media.prts.wiki/2/20/Avg_char_158_milu.png
char_163_hpsts_1,https://media.prts.wiki/7/7f/Avg_char_163_hpsts_1.png
char_166_skfire_1,https://media.prts.wiki/c/c4/Avg_char_166_skfire_1.png
char_166_skfire_2,https://media.prts.wiki/4/48/Avg_char_166_skfire_2.png
char_166_skfire_3,https://media.prts.wiki/1/19/Avg_char_166_skfire_3.png
char_171_bldsk_1,https://media.prts.wiki/a/a6/Avg_char_171_bldsk_1.png
char_172_svrash_1,https://media.prts.wiki/0/0b/Avg_char_172_svrash_1.png
char_174_slbell_1,https://media.prts.wiki/1/16/Avg_char_174_slbell_1.png
char_179_cgbird_1,https://media.prts.wiki/f/f1/Avg_char_179_cgbird_1.png
char_180_amgoat,https://media.prts.wiki/e/ee/Avg_char_180_amgoat.png
char_180_amgoat_1-1,https://media.prts.wiki/4/46/Avg_char_180_amgoat_1-1.png
char_180_amgoat_1-2,https://media.prts.wiki/e/e3/Avg_char_180_amgoat_1-2.png
char_180_amgoat_1-3,https://media.prts.wiki/0/0a/Avg_char_180_amgoat_1-3.png
char_180_amgoat_1-4,https://media.prts.wiki/5/5d/Avg_char_180_amgoat_1-4.png
char_180_amgoat_1-5,https://media.prts.wiki/2/2b/Avg_char_180_amgoat_1-5.png
char_180_amgoat_1-6,https://media.prts.wiki/2/23/Avg_char_180_amgoat_1-6.png
char_181_flower_1-1,https://media.prts.wiki/d/d6/Avg_char_181_flower_1-1.png
char_181_flower_1-2,https://media.prts.wiki/7/75/Avg_char_181_flower_1-2.png
char_181_flower_1-3,https://media.prts.wiki/4/4d/Avg_char_181_flower_1-3.png
char_181_flower_1-4,https://media.prts.wiki/3/31/Avg_char_181_flower_1-4.png
char_181_flower_1-5,https://media.prts.wiki/8/85/Avg_char_181_flower_1-5.png
char_181_flower_1-6,https://media.prts.wiki/e/ed/Avg_char_181_flower_1-6.png
char_183_skgoat_1,https://media.prts.wiki/5/52/Avg_char_183_skgoat_1.png
char_185_frncat_1,https://media.prts.wiki/5/5d/Avg_char_185_frncat_1.png
char_187_ccheal_1,https://media.prts.wiki/2/24/Avg_char_187_ccheal_1.png
char_187_ccheal_2,https://media.prts.wiki/4/4f/Avg_char_187_ccheal_2.png
char_187_ccheal_3,https://media.prts.wiki/6/68/Avg_char_187_ccheal_3.png
char_187_ccheal_4,https://media.prts.wiki/0/09/Avg_char_187_ccheal_4.png
char_187_ccheal_5,https://media.prts.wiki/1/18/Avg_char_187_ccheal_5.png
char_187_ccheal_summer_1,https://media.prts.wiki/1/1a/Avg_char_187_ccheal_summer_1.png
char_188_helage_1,https://media.prts.wiki/5/5f/Avg_char_188_helage_1.png
char_188_helage_2,https://media.prts.wiki/1/1e/Avg_char_188_helage_2.png
char_188_helage_3,https://media.prts.wiki/0/0c/Avg_char_188_helage_3.png
char_190_clour,https://media.prts.wiki/9/93/Avg_char_190_clour.png
char_193_frostl_1,https://media.prts.wiki/6/65/Avg_char_193_frostl_1.png
char_193_frostl_2,https://media.prts.wiki/0/05/Avg_char_193_frostl_2.png
char_193_frostl_3,https://media.prts.wiki/8/8e/Avg_char_193_frostl_3.png
char_193_frostl_4,https://media.prts.wiki/6/6c/Avg_char_193_frostl_4.png
char_193_frostl_5,https://media.prts.wiki/8/8b/Avg_char_193_frostl_5.png
char_193_frostl_6,https://media.prts.wiki/2/2d/Avg_char_193_frostl_6.png
char_193_frostl_7,https://media.prts.wiki/3/33/Avg_char_193_frostl_7.png
char_194_rosali_1,https://media.prts.wiki/1/17/Avg_char_194_rosali_1.png
char_194_rosali_2,https://media.prts.wiki/f/f3/Avg_char_194_rosali_2.png
char_194_rosali_3,https://media.prts.wiki/2/23/Avg_char_194_rosali_3.png
char_194_rosali_4,https://media.prts.wiki/d/de/Avg_char_194_rosali_4.png
char_194_rosali_5,https://media.prts.wiki/3/37/Avg_char_194_rosali_5.png
char_195_glassb_1,https://media.prts.wiki/f/ff/Avg_char_195_glassb_1.png
char_195_glassb_2,https://media.prts.wiki/1/1c/Avg_char_195_glassb_2.png
char_195_glassb_3,https://media.prts.wiki/e/e5/Avg_char_195_glassb_3.png
char_195_glassb_4,https://media.prts.wiki/f/fe/Avg_char_195_glassb_4.png
char_195_glassb_5,https://media.prts.wiki/d/d1/Avg_char_195_glassb_5.png
char_195_glassb_6,https://media.prts.wiki/3/3e/Avg_char_195_glassb_6.png
char_195_glassb_7,https://media.prts.wiki/0/0b/Avg_char_195_glassb_7.png
char_196_sunbr_1,https://media.prts.wiki/5/50/Avg_char_196_sunbr_1.png
char_196_sunbr_2,https://media.prts.wiki/f/f2/Avg_char_196_sunbr_2.png
char_196_sunbr_3,https://media.prts.wiki/b/b7/Avg_char_196_sunbr_3.png
char_196_sunbr_4,https://media.prts.wiki/5/50/Avg_char_196_sunbr_4.png
char_196_sunbr_5,https://media.prts.wiki/1/1f/Avg_char_196_sunbr_5.png
char_196_sunbr_6,https://media.prts.wiki/a/a7/Avg_char_196_sunbr_6.png
char_196_sunbr_7,https://media.prts.wiki/b/b7/Avg_char_196_sunbr_7.png
char_196_sunbr_8,https://media.prts.wiki/2/23/Avg_char_196_sunbr_8.png
char_196_sunbr_9,https://media.prts.wiki/a/ae/Avg_char_196_sunbr_9.png
char_196_sunbr_summer,https://media.prts.wiki/c/c4/Avg_char_196_sunbr_summer.png
char_197_poca_1,https://media.prts.wiki/e/e3/Avg_char_197_poca_1.png
char_197_poca_2,https://media.prts.wiki/8/85/Avg_char_197_poca_2.png
char_197_poca_3,https://media.prts.wiki/5/52/Avg_char_197_poca_3.png
char_197_poca_4,https://media.prts.wiki/5/5e/Avg_char_197_poca_4.png
char_197_poca_5,https://media.prts.wiki/9/92/Avg_char_197_poca_5.png
char_198_blackd_1,https://media.prts.wiki/d/d9/Avg_char_198_blackd_1.png
char_199_yak_1,https://media.prts.wiki/2/25/Avg_char_199_yak_1.png
char_199_yak_2,https://media.prts.wiki/0/0c/Avg_char_199_yak_2.png
char_199_yak_3,https://media.prts.wiki/1/1d/Avg_char_199_yak_3.png
char_199_yak_4,https://media.prts.wiki/b/bb/Avg_char_199_yak_4.png
char_199_yak_5,https://media.prts.wiki/f/ff/Avg_char_199_yak_5.png
char_199_yak_6,https://media.prts.wiki/e/e0/Avg_char_199_yak_6.png
char_199_yak_7,https://media.prts.wiki/d/d6/Avg_char_199_yak_7.png
char_2005_weiyw_1,https://media.prts.wiki/1/1f/Avg_char_2005_weiyw_1.png
char_2005_weiyw_2,https://media.prts.wiki/e/e1/Avg_char_2005_weiyw_2.png
char_2005_weiyw_3,https://media.prts.wiki/9/92/Avg_char_2005_weiyw_3.png
char_2005_weiyw_4,https://media.prts.wiki/2/22/Avg_char_2005_weiyw_4.png
char_2005_weiyw_5,https://media.prts.wiki/a/ae/Avg_char_2005_weiyw_5.png
char_2006_fmzuki_1,https://media.prts.wiki/f/f4/Avg_char_2006_fmzuki_1.png
char_2013_cerber_1-1,https://media.prts.wiki/e/e6/Avg_char_2013_cerber_1-1.png
char_2013_cerber_1-2,https://media.prts.wiki/a/a0/Avg_char_2013_cerber_1-2.png
char_2013_cerber_1-3,https://media.prts.wiki/3/39/Avg_char_2013_cerber_1-3.png
char_2013_cerber_1-4,https://media.prts.wiki/5/53/Avg_char_2013_cerber_1-4.png
char_2013_cerber_1-5,https://media.prts.wiki/3/3e/Avg_char_2013_cerber_1-5.png
char_2014_nian_1,https://media.prts.wiki/8/89/Avg_char_2014_nian_1.png
char_2014_nian_2,https://media.prts.wiki/e/eb/Avg_char_2014_nian_2.png
char_2014_nian_3,https://media.prts.wiki/1/18/Avg_char_2014_nian_3.png
char_2014_nian_4,https://media.prts.wiki/d/d2/Avg_char_2014_nian_4.png
char_2014_nian_5,https://media.prts.wiki/6/6c/Avg_char_2014_nian_5.png
char_2015_dusk_1-1,https://media.prts.wiki/e/e3/Avg_char_2015_dusk_1-1.png
char_2015_dusk_1-2,https://media.prts.wiki/3/35/Avg_char_2015_dusk_1-2.png
char_2015_dusk_1-3,https://media.prts.wiki/7/78/Avg_char_2015_dusk_1-3.png
char_2015_dusk_1-4,https://media.prts.wiki/e/eb/Avg_char_2015_dusk_1-4.png
char_2015_dusk_1-5,https://media.prts.wiki/4/4d/Avg_char_2015_dusk_1-5.png
char_201_moeshd,https://media.prts.wiki/c/c7/Avg_char_201_moeshd.png
char_201_moeshd_1,https://media.prts.wiki/5/5c/Avg_char_201_moeshd_1.png
char_201_moeshd_2,https://media.prts.wiki/9/93/Avg_char_201_moeshd_2.png
char_201_moeshd_3,https://media.prts.wiki/e/e0/Avg_char_201_moeshd_3.png
char_201_moeshd_4,https://media.prts.wiki/2/2c/Avg_char_201_moeshd_4.png
char_201_moeshd_5,https://media.prts.wiki/6/68/Avg_char_201_moeshd_5.png
char_201_moeshd_6,https://media.prts.wiki/d/d8/Avg_char_201_moeshd_6.png
char_201_moeshd_7,https://media.prts.wiki/6/6f/Avg_char_201_moeshd_7.png
char_201_moeshd_summer,https://media.prts.wiki/7/75/Avg_char_201_moeshd_summer.png
char_204na_platnm_1-1,https://media.prts.wiki/a/aa/Avg_char_204na_platnm_1-1.png
char_204na_platnm_1-2,https://media.prts.wiki/5/53/Avg_char_204na_platnm_1-2.png
char_204na_platnm_1-3,https://media.prts.wiki/2/23/Avg_char_204na_platnm_1-3.png
char_204na_platnm_1-4,https://media.prts.wiki/5/57/Avg_char_204na_platnm_1-4.png
char_204na_platnm_1-5,https://media.prts.wiki/b/b9/Avg_char_204na_platnm_1-5.png
char_204na_platnm_1-6,https://media.prts.wiki/e/e3/Avg_char_204na_platnm_1-6.png
char_204na_platnm_1-7,https://media.prts.wiki/1/11/Avg_char_204na_platnm_1-7.png
char_204na_platnm_1-8,https://media.prts.wiki/b/b9/Avg_char_204na_platnm_1-8.png
char_204_platnm_1-1,https://media.prts.wiki/d/d9/Avg_char_204_platnm_1-1.png
char_204_platnm_1-2,https://media.prts.wiki/0/05/Avg_char_204_platnm_1-2.png
char_204_platnm_1-3,https://media.prts.wiki/a/ab/Avg_char_204_platnm_1-3.png
char_204_platnm_1-4,https://media.prts.wiki/7/79/Avg_char_204_platnm_1-4.png
char_204_platnm_1-5,https://media.prts.wiki/8/81/Avg_char_204_platnm_1-5.png
char_204_platnm_1-6,https://media.prts.wiki/b/bb/Avg_char_204_platnm_1-6.png
char_204_platnm_1-7,https://media.prts.wiki/d/d6/Avg_char_204_platnm_1-7.png
char_204_platnm_1-8,https://media.prts.wiki/5/58/Avg_char_204_platnm_1-8.png
char_204_platnm_1,https://media.prts.wiki/8/83/Avg_char_204_platnm_1.png
char_208_melan_1,https://media.prts.wiki/9/94/Avg_char_208_melan_1.png
char_208_melan_2,https://media.prts.wiki/5/5d/Avg_char_208_melan_2.png
char_208_melan_3,https://media.prts.wiki/c/cd/Avg_char_208_melan_3.png
char_208_melan_4,https://media.prts.wiki/9/9e/Avg_char_208_melan_4.png
char_208_melan_5,https://media.prts.wiki/f/fc/Avg_char_208_melan_5.png
char_208_melan_6,https://media.prts.wiki/e/e1/Avg_char_208_melan_6.png
char_208_melan_7,https://media.prts.wiki/d/d8/Avg_char_208_melan_7.png
char_209_ardign,https://media.prts.wiki/2/24/Avg_char_209_ardign.png
char_210_stward_1,https://media.prts.wiki/b/bd/Avg_char_210_stward_1.png
char_210_stward_2,https://media.prts.wiki/3/32/Avg_char_210_stward_2.png
char_210_stward_3,https://media.prts.wiki/a/aa/Avg_char_210_stward_3.png
char_210_stward_4,https://media.prts.wiki/d/d8/Avg_char_210_stward_4.png
char_210_stward_5,https://media.prts.wiki/e/e2/Avg_char_210_stward_5.png
char_210_stward_6,https://media.prts.wiki/9/9b/Avg_char_210_stward_6.png
char_210_stward_7,https://media.prts.wiki/e/e1/Avg_char_210_stward_7.png
char_211_adnach_1,https://media.prts.wiki/4/48/Avg_char_211_adnach_1.png
char_211_adnach_2,https://media.prts.wiki/6/6d/Avg_char_211_adnach_2.png
char_211_adnach_3,https://media.prts.wiki/4/44/Avg_char_211_adnach_3.png
char_211_adnach_4,https://media.prts.wiki/8/8e/Avg_char_211_adnach_4.png
char_211_adnach_5,https://media.prts.wiki/7/72/Avg_char_211_adnach_5.png
char_211_adnach_6,https://media.prts.wiki/b/b0/Avg_char_211_adnach_6.png
char_212_ansel_1,https://media.prts.wiki/b/b8/Avg_char_212_ansel_1.png
char_213_mostma_1,https://media.prts.wiki/0/0c/Avg_char_213_mostma_1.png
char_213_mostma_2,https://media.prts.wiki/c/c3/Avg_char_213_mostma_2.png
char_213_mostma_3,https://media.prts.wiki/0/06/Avg_char_213_mostma_3.png
char_213_mostma_4,https://media.prts.wiki/d/de/Avg_char_213_mostma_4.png
char_213_mostma_5,https://media.prts.wiki/c/cf/Avg_char_213_mostma_5.png
char_213_mostma_6,https://media.prts.wiki/2/2d/Avg_char_213_mostma_6.png
char_214_kafka_1-2,https://media.prts.wiki/4/4e/Avg_char_214_kafka_1-2.png
char_214_kafka_1-3,https://media.prts.wiki/7/73/Avg_char_214_kafka_1-3.png
char_214_kafka_1-4,https://media.prts.wiki/3/3c/Avg_char_214_kafka_1-4.png
char_214_kafka_1-5,https://media.prts.wiki/b/b7/Avg_char_214_kafka_1-5.png
char_214_kafka_1,https://media.prts.wiki/e/e6/Avg_char_214_Kafka_1.png
char_219_meteo_1,https://media.prts.wiki/a/ad/Avg_char_219_meteo_1.png
char_219_meteo_2,https://media.prts.wiki/5/57/Avg_char_219_meteo_2.png
char_219_meteo_3,https://media.prts.wiki/9/99/Avg_char_219_meteo_3.png
char_219_meteo_4,https://media.prts.wiki/b/b0/Avg_char_219_meteo_4.png
char_219_meteo_5,https://media.prts.wiki/b/bc/Avg_char_219_meteo_5.png
char_220_grani_1,https://media.prts.wiki/d/d6/Avg_char_220_grani_1.png
char_220_grani_2,https://media.prts.wiki/8/8f/Avg_char_220_grani_2.png
char_220_grani_3,https://media.prts.wiki/e/e0/Avg_char_220_grani_3.png
char_220_grani_4,https://media.prts.wiki/9/9e/Avg_char_220_grani_4.png
char_220_grani_5,https://media.prts.wiki/0/09/Avg_char_220_grani_5.png
char_222_bpipe,https://media.prts.wiki/8/84/Avg_char_222_bpipe.png
char_225_haak_1,https://media.prts.wiki/c/ca/Avg_char_225_haak_1.png
char_225_haak_2,https://media.prts.wiki/0/08/Avg_char_225_haak_2.png
char_225_haak_3,https://media.prts.wiki/5/59/Avg_char_225_haak_3.png
char_226_hmau_1,https://media.prts.wiki/8/89/Avg_char_226_hmau_1.png
char_226_hmau_2,https://media.prts.wiki/5/55/Avg_char_226_hmau_2.png
char_230_savage_1,https://media.prts.wiki/8/8a/Avg_char_230_savage_1.png
char_236_rope_1,https://media.prts.wiki/5/55/Avg_char_236_rope_1.png
char_236_rope_2,https://media.prts.wiki/b/b7/Avg_char_236_rope_2.png
char_236_rope_3,https://media.prts.wiki/3/3b/Avg_char_236_rope_3.png
char_236_rope_4,https://media.prts.wiki/8/85/Avg_char_236_rope_4.png
char_236_rope_5,https://media.prts.wiki/4/47/Avg_char_236_rope_5.png
char_236_rope_6,https://media.prts.wiki/8/8c/Avg_char_236_rope_6.png
char_236_rope_7,https://media.prts.wiki/8/89/Avg_char_236_rope_7.png
char_237_gravel,https://media.prts.wiki/d/d4/Avg_char_237_gravel.png
char_240_vanilla_1,https://media.prts.wiki/0/02/Avg_char_240_Vanilla_1.png
char_240_vanilla_2,https://media.prts.wiki/1/16/Avg_char_240_Vanilla_2.png
char_240_vanilla_3,https://media.prts.wiki/d/d0/Avg_char_240_Vanilla_3.png
char_240_vanilla_4,https://media.prts.wiki/5/53/Avg_char_240_Vanilla_4.png
char_240_vanilla_5,https://media.prts.wiki/b/b2/Avg_char_240_Vanilla_5.png
char_240_vanilla_6,https://media.prts.wiki/1/1a/Avg_char_240_Vanilla_6.png
char_240_vanilla_7,https://media.prts.wiki/4/49/Avg_char_240_Vanilla_7.png
char_242_mayer-2,https://media.prts.wiki/4/4b/Avg_char_242_mayer-2.png
char_242_mayer-3,https://media.prts.wiki/4/47/Avg_char_242_mayer-3.png
char_242_mayer-4,https://media.prts.wiki/3/33/Avg_char_242_mayer-4.png
char_242_mayer-5,https://media.prts.wiki/3/33/Avg_char_242_mayer-5.png
char_243_waaifu_1,https://media.prts.wiki/e/e2/Avg_char_243_waaifu_1.png
char_243_waaifu_2,https://media.prts.wiki/7/72/Avg_char_243_waaifu_2.png
char_243_waaifu_3,https://media.prts.wiki/4/42/Avg_char_243_waaifu_3.png
char_243_waaifu_4,https://media.prts.wiki/4/46/Avg_char_243_waaifu_4.png
char_243_waaifu_5,https://media.prts.wiki/4/4b/Avg_char_243_waaifu_5.png
char_248_mgllan,https://media.prts.wiki/4/42/Avg_char_248_mgllan.png
char_249_muesys_1,https://media.prts.wiki/5/53/Avg_char_249_muesys_1.png
char_249_muesys_2,https://media.prts.wiki/3/33/Avg_char_249_muesys_2.png
char_249_muesys_3,https://media.prts.wiki/8/88/Avg_char_249_muesys_3.png
char_249_muesys_4,https://media.prts.wiki/f/f7/Avg_char_249_muesys_4.png
char_249_muesys_5,https://media.prts.wiki/d/d2/Avg_char_249_muesys_5.png
char_249_muesys_6,https://media.prts.wiki/4/46/Avg_char_249_muesys_6.png
char_249_muesys_7,https://media.prts.wiki/6/6e/Avg_char_249_muesys_7.png
char_249_muesys_8,https://media.prts.wiki/e/e9/Avg_char_249_muesys_8.png
char_250_phantom_1,https://media.prts.wiki/3/3e/Avg_char_250_phantom_1.png
char_250_phantom_2,https://media.prts.wiki/a/a1/Avg_char_250_phantom_2.png
char_250_phantom_3,https://media.prts.wiki/b/b7/Avg_char_250_phantom_3.png
char_250_phantom_4,https://media.prts.wiki/7/70/Avg_char_250_phantom_4.png
char_250_phantom_5,https://media.prts.wiki/7/72/Avg_char_250_phantom_5.png
char_250_phantom_6,https://media.prts.wiki/c/c2/Avg_char_250_phantom_6.png
char_250_phantom_7,https://media.prts.wiki/f/fc/Avg_char_250_phantom_7.png
char_252_bibeak_1,https://media.prts.wiki/9/93/Avg_char_252_bibeak_1.png
char_253_greyy_na_1,https://media.prts.wiki/7/7b/Avg_char_253_greyy_na_1.png
char_253_greyy_na_2,https://media.prts.wiki/2/2f/Avg_char_253_greyy_na_2.png
char_253_greyy_na_3,https://media.prts.wiki/2/2c/Avg_char_253_greyy_na_3.png
char_253_greyy_na_4,https://media.prts.wiki/7/70/Avg_char_253_greyy_na_4.png
char_253_greyy_na_5,https://media.prts.wiki/f/f8/Avg_char_253_greyy_na_5.png
char_253_greyy_na_6,https://media.prts.wiki/f/f7/Avg_char_253_greyy_na_6.png
char_253_greyy_na_7,https://media.prts.wiki/3/3e/Avg_char_253_greyy_na_7.png
char_254_shamare_1,https://media.prts.wiki/6/6b/Avg_char_254_Shamare_1.png
char_258_podego_1,https://media.prts.wiki/2/20/Avg_char_258_podego_1.png
char_259_jessica_1,https://media.prts.wiki/8/83/Avg_char_259_Jessica_1.png
char_259_jessica_2,https://media.prts.wiki/2/23/Avg_char_259_Jessica_2.png
char_259_jessica_4,https://media.prts.wiki/8/8e/Avg_char_259_Jessica_4.png
char_259_jessica_5,https://media.prts.wiki/3/37/Avg_char_259_Jessica_5.png
char_259_jessica_6,https://media.prts.wiki/5/5c/Avg_char_259_Jessica_6.png
char_259_jessica_7,https://media.prts.wiki/7/7d/Avg_char_259_Jessica_7.png
char_260_durnar_1,https://media.prts.wiki/3/35/Avg_char_260_durnar_1.png
char_263_skadi_1,https://media.prts.wiki/d/d0/Avg_char_263_skadi_1.png
char_263_skadi_2,https://media.prts.wiki/4/4d/Avg_char_263_skadi_2.png
char_263_skadi_3,https://media.prts.wiki/4/4c/Avg_char_263_skadi_3.png
char_263_skadi_4,https://media.prts.wiki/2/2d/Avg_char_263_skadi_4.png
char_263_skadi_5,https://media.prts.wiki/8/80/Avg_char_263_skadi_5.png
char_263_skadi_6,https://media.prts.wiki/8/8f/Avg_char_263_skadi_6.png
char_263_skadi_7,https://media.prts.wiki/f/ff/Avg_char_263_skadi_7.png
char_263_skadi_8,https://media.prts.wiki/5/5b/Avg_char_263_skadi_8.png
char_263_skadi_9,https://media.prts.wiki/1/10/Avg_char_263_skadi_9.png
char_264_mountain_1-1,https://media.prts.wiki/d/d7/Avg_char_264_Mountain_1-1.png
char_264_mountain_1-10,https://media.prts.wiki/d/d6/Avg_char_264_Mountain_1-10.png
char_264_mountain_1-11,https://media.prts.wiki/2/23/Avg_char_264_Mountain_1-11.png
char_264_mountain_1-2,https://media.prts.wiki/f/ff/Avg_char_264_Mountain_1-2.png
char_264_mountain_1-3,https://media.prts.wiki/5/57/Avg_char_264_Mountain_1-3.png
char_264_mountain_1-4,https://media.prts.wiki/1/1d/Avg_char_264_Mountain_1-4.png
char_264_mountain_1-5,https://media.prts.wiki/4/4b/Avg_char_264_Mountain_1-5.png
char_264_mountain_1-6,https://media.prts.wiki/6/6c/Avg_char_264_Mountain_1-6.png
char_264_mountain_1-7,https://media.prts.wiki/e/e5/Avg_char_264_Mountain_1-7.png
char_264_mountain_1-8,https://media.prts.wiki/8/8a/Avg_char_264_Mountain_1-8.png
char_264_mountain_1-9,https://media.prts.wiki/7/7b/Avg_char_264_Mountain_1-9.png
char_271_arene_1,https://media.prts.wiki/6/6a/Avg_char_271_arene_1.png
char_271_arene_2,https://media.prts.wiki/2/28/Avg_char_271_arene_2.png
char_271_arene_3,https://media.prts.wiki/7/7f/Avg_char_271_arene_3.png
char_271_arene_4,https://media.prts.wiki/6/65/Avg_char_271_arene_4.png
char_271_arene_5,https://media.prts.wiki/d/df/Avg_char_271_arene_5.png
char_271_arene_6,https://media.prts.wiki/b/b4/Avg_char_271_arene_6.png
char_271_arene_7,https://media.prts.wiki/8/85/Avg_char_271_arene_7.png
char_272_strong_1,https://media.prts.wiki/d/da/Avg_char_272_strong_1.png
char_272_strong_2,https://media.prts.wiki/a/a3/Avg_char_272_strong_2.png
char_272_strong_3,https://media.prts.wiki/c/c9/Avg_char_272_strong_3.png
char_272_strong_4,https://media.prts.wiki/5/50/Avg_char_272_strong_4.png
char_272_strong_5,https://media.prts.wiki/3/3a/Avg_char_272_strong_5.png
char_278_orchid_1,https://media.prts.wiki/d/dd/Avg_char_278_orchid_1.png
char_278_orchid_2,https://media.prts.wiki/7/75/Avg_char_278_orchid_2.png
char_278_orchid_3,https://media.prts.wiki/4/44/Avg_char_278_orchid_3.png
char_278_orchid_4,https://media.prts.wiki/b/b8/Avg_char_278_orchid_4.png
char_278_orchid_5,https://media.prts.wiki/2/23/Avg_char_278_orchid_5.png
char_278_orchid_6,https://media.prts.wiki/e/ed/Avg_char_278_orchid_6.png
char_278_orchid_7,https://media.prts.wiki/6/69/Avg_char_278_orchid_7.png
char_279_excu_1,https://media.prts.wiki/c/c3/Avg_char_279_excu_1.png
char_279_excu_2,https://media.prts.wiki/e/e9/Avg_char_279_excu_2.png
char_279_excu_3,https://media.prts.wiki/0/01/Avg_char_279_excu_3.png
char_279_excu_4,https://media.prts.wiki/d/de/Avg_char_279_excu_4.png
char_279_excu_5,https://media.prts.wiki/6/68/Avg_char_279_excu_5.png
char_279_excu_6,https://media.prts.wiki/8/86/Avg_char_279_excu_6.png
char_281_popka_1,https://media.prts.wiki/7/7b/Avg_char_281_popka_1.png
char_281_popka_2,https://media.prts.wiki/0/02/Avg_char_281_popka_2.png
char_281_popka_3,https://media.prts.wiki/3/37/Avg_char_281_popka_3.png
char_281_popka_4,https://media.prts.wiki/f/fc/Avg_char_281_popka_4.png
char_281_popka_5,https://media.prts.wiki/4/4d/Avg_char_281_popka_5.png
char_281_popka_6,https://media.prts.wiki/3/3f/Avg_char_281_popka_6.png
char_281_popka_7,https://media.prts.wiki/1/1b/Avg_char_281_popka_7.png
char_281_popka_8,https://media.prts.wiki/b/b5/Avg_char_281_popka_8.png
char_282_catap_1,https://media.prts.wiki/f/fd/Avg_char_282_catap_1.png
char_283_midn_1,https://media.prts.wiki/c/c9/Avg_char_283_midn_1.png
char_283_midn_2,https://media.prts.wiki/e/e1/Avg_char_283_midn_2.png
char_283_midn_3,https://media.prts.wiki/6/68/Avg_char_283_midn_3.png
char_283_midn_4,https://media.prts.wiki/c/c4/Avg_char_283_midn_4.png
char_283_midn_5,https://media.prts.wiki/5/5d/Avg_char_283_midn_5.png
char_284_spot_1,https://media.prts.wiki/2/27/Avg_char_284_spot_1.png
char_285_medic2_1,https://media.prts.wiki/6/6b/Avg_char_285_medic2_1.png
char_290_vigna,https://media.prts.wiki/0/08/Avg_char_290_vigna.png
char_291_aglina_1,https://media.prts.wiki/7/71/Avg_char_291_aglina_1.png
char_291_aglina_2,https://media.prts.wiki/b/b1/Avg_char_291_aglina_2.png
char_291_aglina_3,https://media.prts.wiki/9/92/Avg_char_291_aglina_3.png
char_291_aglina_4,https://media.prts.wiki/e/e7/Avg_char_291_aglina_4.png
char_291_aglina_5,https://media.prts.wiki/6/6f/Avg_char_291_aglina_5.png
char_293_thorns_1,https://media.prts.wiki/d/d0/Avg_char_293_thorns_1.png
char_293_thorns_n_1,https://media.prts.wiki/1/1d/Avg_char_293_thorns_n_1.png
char_293_thorns_n_2,https://media.prts.wiki/a/a3/Avg_char_293_thorns_n_2.png
char_293_thorns_n_3,https://media.prts.wiki/d/d6/Avg_char_293_thorns_n_3.png
char_293_thorns_n_4,https://media.prts.wiki/9/9e/Avg_char_293_thorns_n_4.png
char_293_thorns_n_5,https://media.prts.wiki/e/e0/Avg_char_293_thorns_n_5.png
char_293_thorns_n_6,https://media.prts.wiki/7/7c/Avg_char_293_thorns_n_6.png
char_294_ayer,https://media.prts.wiki/8/87/Avg_char_294_ayer.png
char_300_phenxi_1,https://media.prts.wiki/2/2d/Avg_char_300_phenxi_1.png
char_300_phenxi_2,https://media.prts.wiki/6/63/Avg_char_300_phenxi_2.png
char_300_phenxi_3,https://media.prts.wiki/1/19/Avg_char_300_phenxi_3.png
char_300_phenxi_4,https://media.prts.wiki/a/ae/Avg_char_300_phenxi_4.png
char_301_cutter_1,https://media.prts.wiki/7/7a/Avg_char_301_cutter_1.png
char_302_glaze_1,https://media.prts.wiki/9/9f/Avg_char_302_glaze_1.png
char_302_glaze_2,https://media.prts.wiki/7/7b/Avg_char_302_glaze_2.png
char_302_glaze_3,https://media.prts.wiki/8/84/Avg_char_302_glaze_3.png
char_302_glaze_4,https://media.prts.wiki/2/21/Avg_char_302_glaze_4.png
char_302_glaze_5,https://media.prts.wiki/e/e3/Avg_char_302_glaze_5.png
char_302_glaze_6,https://media.prts.wiki/1/12/Avg_char_302_glaze_6.png
char_304_hvrain,https://media.prts.wiki/5/54/Avg_char_304_hvrain.png
char_304_hvrain_2,https://media.prts.wiki/0/0b/Avg_char_304_hvrain_2.png
char_304_hvrain_3,https://media.prts.wiki/1/1a/Avg_char_304_hvrain_3.png
char_304_hvrain_4,https://media.prts.wiki/1/18/Avg_char_304_hvrain_4.png
char_304_hvrain_5,https://media.prts.wiki/5/53/Avg_char_304_hvrain_5.png
char_308_swire_1,https://media.prts.wiki/4/4f/Avg_char_308_swire_1.png
char_308_swire_2,https://media.prts.wiki/5/5e/Avg_char_308_swire_2.png
char_308_swire_3,https://media.prts.wiki/9/94/Avg_char_308_swire_3.png
char_308_swire_4,https://media.prts.wiki/3/38/Avg_char_308_swire_4.png
char_308_swire_5,https://media.prts.wiki/0/05/Avg_char_308_swire_5.png
char_308_swire_6,https://media.prts.wiki/f/f3/Avg_char_308_swire_6.png
char_325_bison_1,https://media.prts.wiki/a/ae/Avg_char_325_bison_1.png
char_325_bison_2,https://media.prts.wiki/5/5d/Avg_char_325_bison_2.png
char_325_bison_3,https://media.prts.wiki/5/59/Avg_char_325_bison_3.png
char_325_bison_4,https://media.prts.wiki/a/a1/Avg_char_325_bison_4.png
char_325_bison_5,https://media.prts.wiki/d/d4/Avg_char_325_bison_5.png
char_328_cammou,https://media.prts.wiki/8/82/Avg_char_328_cammou.png
char_332_archet,https://media.prts.wiki/5/5a/Avg_char_332_archet.png
char_332_archet_2,https://media.prts.wiki/b/ba/Avg_char_332_archet_2.png
char_332_archet_3,https://media.prts.wiki/8/8b/Avg_char_332_archet_3.png
char_332_archet_4,https://media.prts.wiki/3/31/Avg_char_332_archet_4.png
char_332_archet_5,https://media.prts.wiki/8/8e/Avg_char_332_archet_5.png
char_332_archet_6,https://media.prts.wiki/2/26/Avg_char_332_archet_6.png
char_333_sidero_1,https://media.prts.wiki/3/3d/Avg_char_333_sidero_1.png
char_333_sidero_2,https://media.prts.wiki/1/11/Avg_char_333_sidero_2.png
char_333_sidero_3,https://media.prts.wiki/f/fd/Avg_char_333_sidero_3.png
char_333_sidero_4,https://media.prts.wiki/f/f9/Avg_char_333_sidero_4.png
char_333_sidero_5,https://media.prts.wiki/6/63/Avg_char_333_sidero_5.png
char_333_sidero_6,https://media.prts.wiki/b/b3/Avg_char_333_sidero_6.png
char_333_sidero_7,https://media.prts.wiki/b/b1/Avg_char_333_sidero_7.png
char_333_sidero_8,https://media.prts.wiki/e/e8/Avg_char_333_sidero_8.png
char_336_scene_1,https://media.prts.wiki/b/b1/Avg_char_336_Scene_1.png
char_337_utage_1,https://media.prts.wiki/9/97/Avg_char_337_utage_1.png
char_337_utage_story_1,https://media.prts.wiki/e/e4/Avg_char_337_utage_story_1.png
char_337_utage_story_2,https://media.prts.wiki/1/18/Avg_char_337_utage_story_2.png
char_337_utage_story_3,https://media.prts.wiki/1/10/Avg_char_337_utage_story_3.png
char_337_utage_story_4,https://media.prts.wiki/6/65/Avg_char_337_utage_story_4.png
char_337_utage_story_5,https://media.prts.wiki/9/92/Avg_char_337_utage_story_5.png
char_337_utage_story_6,https://media.prts.wiki/2/25/Avg_char_337_utage_story_6.png
char_337_utage_summer_1,https://media.prts.wiki/0/0a/Avg_char_337_utage_summer_1.png
char_337_utage_summer_2,https://media.prts.wiki/7/7e/Avg_char_337_utage_summer_2.png
char_337_utage_summer_3,https://media.prts.wiki/6/68/Avg_char_337_utage_summer_3.png
char_337_utage_summer_4,https://media.prts.wiki/6/60/Avg_char_337_utage_summer_4.png
char_338_iris,https://media.prts.wiki/7/79/Avg_char_338_iris.png
char_338_iris_2,https://media.prts.wiki/a/a3/Avg_char_338_iris_2.png
char_338_iris_3,https://media.prts.wiki/e/e4/Avg_char_338_iris_3.png
char_338_iris_4,https://media.prts.wiki/0/07/Avg_char_338_iris_4.png
char_338_iris_5,https://media.prts.wiki/2/2d/Avg_char_338_iris_5.png
char_340_shwaz_1,https://media.prts.wiki/5/5a/Avg_char_340_shwaz_1.png
char_340_shwaz_2,https://media.prts.wiki/b/b7/Avg_char_340_shwaz_2.png
char_340_shwaz_3,https://media.prts.wiki/3/38/Avg_char_340_shwaz_3.png
char_340_shwaz_4,https://media.prts.wiki/c/c4/Avg_char_340_shwaz_4.png
char_340_shwaz_5,https://media.prts.wiki/e/e3/Avg_char_340_shwaz_5.png
char_341_amona_1,https://media.prts.wiki/2/2b/Avg_char_341_amona_1.png
char_341_amona_2,https://media.prts.wiki/4/44/Avg_char_341_amona_2.png
char_343_tsukinogi_1,https://media.prts.wiki/3/3e/Avg_char_343_tsukinogi_1.png
char_344_beewax_1,https://media.prts.wiki/a/aa/Avg_char_344_beewax_1.png
char_345_folnic_1,https://media.prts.wiki/7/7f/Avg_char_345_folnic_1.png
char_345_folnic_2,https://media.prts.wiki/8/82/Avg_char_345_folnic_2.png
char_345_folnic_3,https://media.prts.wiki/e/e9/Avg_char_345_folnic_3.png
char_345_folnic_4,https://media.prts.wiki/2/22/Avg_char_345_folnic_4.png
char_345_folnic_5,https://media.prts.wiki/9/9d/Avg_char_345_folnic_5.png
char_345_folnic_6,https://media.prts.wiki/d/d9/Avg_char_345_folnic_6.png
char_346_aosta,https://media.prts.wiki/2/23/Avg_char_346_aosta.png
char_346_aosta_2,https://media.prts.wiki/7/7b/Avg_char_346_aosta_2.png
char_346_aosta_3,https://media.prts.wiki/0/08/Avg_char_346_aosta_3.png
char_346_aosta_4,https://media.prts.wiki/7/79/Avg_char_346_aosta_4.png
char_346_aosta_5,https://media.prts.wiki/7/76/Avg_char_346_aosta_5.png
char_347_jaksel_1,https://media.prts.wiki/c/c2/Avg_char_347_jaksel_1.png
char_348_ceylon_1,https://media.prts.wiki/e/ec/Avg_char_348_ceylon_1.png
char_348_ceylon_2,https://media.prts.wiki/a/a6/Avg_char_348_ceylon_2.png
char_348_ceylon_3,https://media.prts.wiki/2/26/Avg_char_348_ceylon_3.png
char_348_ceylon_4,https://media.prts.wiki/3/3d/Avg_char_348_ceylon_4.png
char_348_ceylon_5,https://media.prts.wiki/8/89/Avg_char_348_ceylon_5.png
char_348_ceylon_6,https://media.prts.wiki/6/68/Avg_char_348_ceylon_6.png
char_348_ceylon_7,https://media.prts.wiki/5/5d/Avg_char_348_ceylon_7.png
char_348_ceylon_8,https://media.prts.wiki/5/55/Avg_char_348_ceylon_8.png
char_348_ceylon_9,https://media.prts.wiki/b/b8/Avg_char_348_ceylon_9.png
char_349_chiave,https://media.prts.wiki/d/d7/Avg_char_349_chiave.png
char_349_chiave_2,https://media.prts.wiki/5/55/Avg_char_349_chiave_2.png
char_349_chiave_3,https://media.prts.wiki/9/97/Avg_char_349_chiave_3.png
char_349_chiave_4,https://media.prts.wiki/2/2b/Avg_char_349_chiave_4.png
char_350_surtr_1,https://media.prts.wiki/2/20/Avg_char_350_surtr_1.png
char_350_surtr_2,https://media.prts.wiki/8/81/Avg_char_350_surtr_2.png
char_350_surtr_3,https://media.prts.wiki/d/d8/Avg_char_350_surtr_3.png
char_350_surtr_4,https://media.prts.wiki/d/dd/Avg_char_350_surtr_4.png
char_350_surtr_5,https://media.prts.wiki/3/36/Avg_char_350_surtr_5.png
char_350_surtr_6,https://media.prts.wiki/c/c3/Avg_char_350_surtr_6.png
char_350_surtr_w_1,https://media.prts.wiki/9/91/Avg_char_350_surtr_w_1.png
char_350_surtr_w_2,https://media.prts.wiki/8/87/Avg_char_350_surtr_w_2.png
char_350_surtr_w_3,https://media.prts.wiki/9/97/Avg_char_350_surtr_w_3.png
char_350_surtr_w_4,https://media.prts.wiki/0/0d/Avg_char_350_surtr_w_4.png
char_350_surtr_w_5,https://media.prts.wiki/d/d4/Avg_char_350_surtr_w_5.png
char_350_surtr_w_6,https://media.prts.wiki/6/63/Avg_char_350_surtr_w_6.png
char_355_ethan_1,https://media.prts.wiki/7/75/Avg_char_355_ethan_1.png
char_356_broca,https://media.prts.wiki/4/48/Avg_char_356_broca.png
char_356_broca_2,https://media.prts.wiki/5/5b/Avg_char_356_broca_2.png
char_356_broca_3,https://media.prts.wiki/9/9c/Avg_char_356_broca_3.png
char_356_broca_4,https://media.prts.wiki/f/f3/Avg_char_356_broca_4.png
char_358_lisa_1,https://media.prts.wiki/8/8a/Avg_char_358_lisa_1.png
char_358_lisa_2,https://media.prts.wiki/1/10/Avg_char_358_lisa_2.png
char_358_lisa_3,https://media.prts.wiki/e/ee/Avg_char_358_lisa_3.png
char_358_lisa_4,https://media.prts.wiki/b/b6/Avg_char_358_lisa_4.png
char_358_lisa_5,https://media.prts.wiki/9/9e/Avg_char_358_lisa_5.png
char_362_saga#1,https://media.prts.wiki/e/e2/Avg_char_362_Saga-1.png
char_362_saga#2,https://media.prts.wiki/6/62/Avg_char_362_Saga-2.png
char_362_saga#3,https://media.prts.wiki/6/66/Avg_char_362_Saga-3.png
char_362_saga#4,https://media.prts.wiki/2/2d/Avg_char_362_Saga-4.png
char_362_saga#5,https://media.prts.wiki/3/33/Avg_char_362_Saga-5.png
char_362_saga#6,https://media.prts.wiki/c/c8/Avg_char_362_Saga-6.png
char_362_saga-1,https://media.prts.wiki/e/e2/Avg_char_362_Saga-1.png
char_362_saga-2,https://media.prts.wiki/6/62/Avg_char_362_Saga-2.png
char_362_saga-3,https://media.prts.wiki/6/66/Avg_char_362_Saga-3.png
char_362_saga-4,https://media.prts.wiki/2/2d/Avg_char_362_Saga-4.png
char_362_saga-5,https://media.prts.wiki/3/33/Avg_char_362_Saga-5.png
char_362_saga-6,https://media.prts.wiki/c/c8/Avg_char_362_Saga-6.png
char_365_aprl,https://media.prts.wiki/b/bb/Avg_char_365_aprl.png
char_365_aprl_2,https://media.prts.wiki/5/5a/Avg_char_365_aprl_2.png
char_365_aprl_3,https://media.prts.wiki/4/4b/Avg_char_365_aprl_3.png
char_365_aprl_4,https://media.prts.wiki/8/8d/Avg_char_365_aprl_4.png
char_365_aprl_5,https://media.prts.wiki/7/75/Avg_char_365_aprl_5.png
char_365_aprl_6,https://media.prts.wiki/3/38/Avg_char_365_aprl_6.png
char_366_acdrop,https://media.prts.wiki/e/e0/Avg_char_366_acdrop.png
char_367_swllow_1,https://media.prts.wiki/d/da/Avg_char_367_swllow_1.png
char_367_swllow_2,https://media.prts.wiki/f/f4/Avg_char_367_swllow_2.png
char_367_swllow_3,https://media.prts.wiki/e/e0/Avg_char_367_swllow_3.png
char_367_swllow_4,https://media.prts.wiki/d/d1/Avg_char_367_swllow_4.png
char_373_leonhardt_1,https://media.prts.wiki/5/52/Avg_char_373_Leonhardt_1.png
char_373_lionhd,https://media.prts.wiki/6/64/Avg_char_373_lionhd.png
char_373_lionhd_2,https://media.prts.wiki/2/25/Avg_char_373_lionhd_2.png
char_373_lionhd_3,https://media.prts.wiki/b/bf/Avg_char_373_lionhd_3.png
char_373_lionhd_4,https://media.prts.wiki/2/22/Avg_char_373_lionhd_4.png
char_373_lionhd_5,https://media.prts.wiki/e/eb/Avg_char_373_lionhd_5.png
char_373_lionhd_6,https://media.prts.wiki/9/95/Avg_char_373_lionhd_6.png
char_376_therex_1,https://media.prts.wiki/3/35/Avg_char_376_therex_1.png
char_379_sesa_1,https://media.prts.wiki/8/88/Avg_char_379_sesa_1.png
char_379_sesa_2,https://media.prts.wiki/d/df/Avg_char_379_sesa_2.png
char_379_sesa_3,https://media.prts.wiki/7/72/Avg_char_379_sesa_3.png
char_379_sesa_4,https://media.prts.wiki/a/af/Avg_char_379_sesa_4.png
char_379_sesa_5,https://media.prts.wiki/6/69/Avg_char_379_sesa_5.png
char_379_sesa_6,https://media.prts.wiki/d/de/Avg_char_379_sesa_6.png
char_381_bubble_1,https://media.prts.wiki/f/f4/Avg_char_381_bubble_1.png
char_383_snsant_1,https://media.prts.wiki/2/25/Avg_char_383_snsant_1.png
char_383_snsant_2,https://media.prts.wiki/0/0b/Avg_char_383_snsant_2.png
char_385_finlpp,https://media.prts.wiki/d/d5/Avg_char_385_finlpp.png
char_385_finlpp_2,https://media.prts.wiki/7/7c/Avg_char_385_finlpp_2.png
char_385_finlpp_3,https://media.prts.wiki/1/1a/Avg_char_385_finlpp_3.png
char_385_finlpp_4,https://media.prts.wiki/c/cb/Avg_char_385_finlpp_4.png
char_385_finlpp_5,https://media.prts.wiki/b/b8/Avg_char_385_finlpp_5.png
char_385_finlpp_6,https://media.prts.wiki/a/ac/Avg_char_385_finlpp_6.png
char_388_mint_1,https://media.prts.wiki/8/8e/Avg_char_388_mint_1.png
char_388_mint_2,https://media.prts.wiki/3/33/Avg_char_388_mint_2.png
char_388_mint_3,https://media.prts.wiki/9/90/Avg_char_388_mint_3.png
char_388_mint_4,https://media.prts.wiki/f/fc/Avg_char_388_mint_4.png
char_388_mint_5,https://media.prts.wiki/3/3f/Avg_char_388_mint_5.png
char_400_weedy_1,https://media.prts.wiki/5/59/Avg_char_400_weedy_1.png
char_401_elysm,https://media.prts.wiki/9/9f/Avg_char_401_elysm.png
char_401_elysm_na_1,https://media.prts.wiki/0/0e/Avg_char_401_elysm_na_1.png
char_401_elysm_na_10,https://media.prts.wiki/c/c1/Avg_char_401_elysm_na_10.png
char_401_elysm_na_11,https://media.prts.wiki/8/8f/Avg_char_401_elysm_na_11.png
char_401_elysm_na_2,https://media.prts.wiki/1/1b/Avg_char_401_elysm_na_2.png
char_401_elysm_na_3,https://media.prts.wiki/4/4f/Avg_char_401_elysm_na_3.png
char_401_elysm_na_4,https://media.prts.wiki/2/20/Avg_char_401_elysm_na_4.png
char_401_elysm_na_5,https://media.prts.wiki/9/9a/Avg_char_401_elysm_na_5.png
char_401_elysm_na_6,https://media.prts.wiki/6/6c/Avg_char_401_elysm_na_6.png
char_401_elysm_na_7,https://media.prts.wiki/0/02/Avg_char_401_elysm_na_7.png
char_401_elysm_na_8,https://media.prts.wiki/2/2f/Avg_char_401_elysm_na_8.png
char_401_elysm_na_9,https://media.prts.wiki/7/70/Avg_char_401_elysm_na_9.png
char_405_absin_1,https://media.prts.wiki/1/1b/Avg_char_405_absin_1.png
char_405_absin_2,https://media.prts.wiki/e/e8/Avg_char_405_absin_2.png
char_405_absin_3,https://media.prts.wiki/1/1b/Avg_char_405_absin_3.png
char_405_absin_4,https://media.prts.wiki/8/89/Avg_char_405_absin_4.png
char_405_absin_5,https://media.prts.wiki/2/2d/Avg_char_405_absin_5.png
char_405_absin_6,https://media.prts.wiki/0/05/Avg_char_405_absin_6.png
char_405_absin_ed_1,https://media.prts.wiki/1/1f/Avg_char_405_absin_ed_1.png
char_405_absin_ed_2,https://media.prts.wiki/e/e5/Avg_char_405_absin_ed_2.png
char_405_absin_ed_3,https://media.prts.wiki/6/6b/Avg_char_405_absin_ed_3.png
char_405_absin_ed_4,https://media.prts.wiki/a/a9/Avg_char_405_absin_ed_4.png
char_405_absin_ed_5,https://media.prts.wiki/6/67/Avg_char_405_absin_ed_5.png
char_405_absin_ed_6,https://media.prts.wiki/d/db/Avg_char_405_absin_ed_6.png
char_411_tomimi_1,https://media.prts.wiki/6/65/Avg_char_411_tomimi_1.png
char_411_tomimi_2,https://media.prts.wiki/4/42/Avg_char_411_tomimi_2.png
char_411_tomimi_3,https://media.prts.wiki/b/bf/Avg_char_411_tomimi_3.png
char_411_tomimi_4,https://media.prts.wiki/9/9f/Avg_char_411_tomimi_4.png
char_411_tomimi_5,https://media.prts.wiki/6/61/Avg_char_411_tomimi_5.png
char_411_tomimi_6,https://media.prts.wiki/f/ff/Avg_char_411_tomimi_6.png
char_411_tomimi_7,https://media.prts.wiki/1/18/Avg_char_411_tomimi_7.png
char_415_flint_1,https://media.prts.wiki/5/51/Avg_char_415_flint_1.png
char_415_flint_2,https://media.prts.wiki/7/72/Avg_char_415_flint_2.png
char_415_flint_3,https://media.prts.wiki/5/55/Avg_char_415_flint_3.png
char_415_flint_4,https://media.prts.wiki/8/89/Avg_char_415_flint_4.png
char_415_flint_5,https://media.prts.wiki/c/cd/Avg_char_415_flint_5.png
char_415_flint_6,https://media.prts.wiki/e/e3/Avg_char_415_flint_6.png
char_416_zumama_1,https://media.prts.wiki/6/60/Avg_char_416_zumama_1.png
char_416_zumama_2,https://media.prts.wiki/1/1f/Avg_char_416_zumama_2.png
char_416_zumama_3,https://media.prts.wiki/3/3a/Avg_char_416_zumama_3.png
char_416_zumama_4,https://media.prts.wiki/e/e9/Avg_char_416_zumama_4.png
char_416_zumama_5,https://media.prts.wiki/6/67/Avg_char_416_zumama_5.png
char_416_zumama_6,https://media.prts.wiki/4/4d/Avg_char_416_zumama_6.png
char_436_whispr,https://media.prts.wiki/4/46/Avg_char_436_whispr.png
char_440_pinecone,https://media.prts.wiki/2/21/Avg_char_440_Pinecone.png
char_441_lotus_1#1,https://media.prts.wiki/4/44/Avg_char_441_lotus_1-1.png
char_441_lotus_1#2,https://media.prts.wiki/1/10/Avg_char_441_lotus_1-2.png
char_441_lotus_1#3,https://media.prts.wiki/f/f6/Avg_char_441_lotus_1-3.png
char_441_lotus_1#4,https://media.prts.wiki/e/ed/Avg_char_441_lotus_1-4.png
char_441_lotus_1-1,https://media.prts.wiki/4/44/Avg_char_441_lotus_1-1.png
char_441_lotus_1-2,https://media.prts.wiki/1/10/Avg_char_441_lotus_1-2.png
char_441_lotus_1-3,https://media.prts.wiki/f/f6/Avg_char_441_lotus_1-3.png
char_441_lotus_1-4,https://media.prts.wiki/e/ed/Avg_char_441_lotus_1-4.png
char_451_robin#2,https://media.prts.wiki/d/dd/Avg_char_451_robin-2.png
char_451_robin#3,https://media.prts.wiki/b/b7/Avg_char_451_robin-3.png
char_451_robin#4,https://media.prts.wiki/c/c7/Avg_char_451_robin-4.png
char_451_robin#5,https://media.prts.wiki/9/9b/Avg_char_451_robin-5.png
char_451_robin#6,https://media.prts.wiki/c/ce/Avg_char_451_robin-6.png
char_451_robin-2,https://media.prts.wiki/d/dd/Avg_char_451_robin-2.png
char_451_robin-3,https://media.prts.wiki/b/b7/Avg_char_451_robin-3.png
char_451_robin-4,https://media.prts.wiki/c/c7/Avg_char_451_robin-4.png
char_451_robin-5,https://media.prts.wiki/9/9b/Avg_char_451_robin-5.png
char_451_robin-6,https://media.prts.wiki/c/ce/Avg_char_451_robin-6.png
char_451_robin,https://media.prts.wiki/a/af/Avg_char_451_robin.png
char_452_bstalk,https://media.prts.wiki/d/d5/Avg_char_452_bstalk.png
char_452_bstalk_2,https://media.prts.wiki/9/99/Avg_char_452_bstalk_2.png
char_452_bstalk_3,https://media.prts.wiki/e/e7/Avg_char_452_bstalk_3.png
char_452_bstalk_4,https://media.prts.wiki/3/30/Avg_char_452_bstalk_4.png
char_455_nothing_1#1,https://media.prts.wiki/3/37/Avg_char_455_nothing_1-1.png
char_455_nothing_1#2,https://media.prts.wiki/9/9b/Avg_char_455_nothing_1-2.png
char_455_nothing_1#3,https://media.prts.wiki/8/84/Avg_char_455_nothing_1-3.png
char_455_nothing_1#4,https://media.prts.wiki/5/50/Avg_char_455_nothing_1-4.png
char_455_nothing_1#5,https://media.prts.wiki/d/df/Avg_char_455_nothing_1-5.png
char_455_nothing_1#6,https://media.prts.wiki/4/41/Avg_char_455_nothing_1-6.png
char_455_nothing_1-1,https://media.prts.wiki/3/37/Avg_char_455_nothing_1-1.png
char_455_nothing_1-2,https://media.prts.wiki/9/9b/Avg_char_455_nothing_1-2.png
char_455_nothing_1-3,https://media.prts.wiki/8/84/Avg_char_455_nothing_1-3.png
char_455_nothing_1-4,https://media.prts.wiki/5/50/Avg_char_455_nothing_1-4.png
char_455_nothing_1-5,https://media.prts.wiki/d/df/Avg_char_455_nothing_1-5.png
char_455_nothing_1-6,https://media.prts.wiki/4/41/Avg_char_455_nothing_1-6.png
char_456_ash_1_1,https://media.prts.wiki/a/a4/Avg_char_456_ash_1_1.png
char_456_ash_1_10,https://media.prts.wiki/8/8a/Avg_char_456_ash_1_10.png
char_456_ash_1_2,https://media.prts.wiki/7/77/Avg_char_456_ash_1_2.png
char_456_ash_1_3,https://media.prts.wiki/6/6d/Avg_char_456_ash_1_3.png
char_456_ash_1_4,https://media.prts.wiki/7/7f/Avg_char_456_ash_1_4.png
char_456_ash_1_5,https://media.prts.wiki/f/f5/Avg_char_456_ash_1_5.png
char_456_ash_1_6,https://media.prts.wiki/5/51/Avg_char_456_ash_1_6.png
char_456_ash_1_7,https://media.prts.wiki/e/e3/Avg_char_456_ash_1_7.png
char_456_ash_1_8,https://media.prts.wiki/c/ce/Avg_char_456_ash_1_8.png
char_456_ash_1_9,https://media.prts.wiki/6/6b/Avg_char_456_ash_1_9.png
char_457_blitz_1_1,https://media.prts.wiki/4/40/Avg_char_457_blitz_1_1.png
char_457_blitz_1_2,https://media.prts.wiki/a/a5/Avg_char_457_blitz_1_2.png
char_457_blitz_1_3,https://media.prts.wiki/b/b2/Avg_char_457_blitz_1_3.png
char_457_blitz_1_4,https://media.prts.wiki/5/59/Avg_char_457_blitz_1_4.png
char_457_blitz_1_5,https://media.prts.wiki/9/9e/Avg_char_457_blitz_1_5.png
char_457_blitz_1_6,https://media.prts.wiki/d/d2/Avg_char_457_blitz_1_6.png
char_458_rfrost_1_1,https://media.prts.wiki/c/c5/Avg_char_458_rfrost_1_1.png
char_458_rfrost_1_2,https://media.prts.wiki/0/0a/Avg_char_458_rfrost_1_2.png
char_458_rfrost_1_3,https://media.prts.wiki/6/6a/Avg_char_458_rfrost_1_3.png
char_458_rfrost_1_4,https://media.prts.wiki/f/ff/Avg_char_458_rfrost_1_4.png
char_459_tachak_1_1,https://media.prts.wiki/8/82/Avg_char_459_tachak_1_1.png
char_459_tachak_1_2,https://media.prts.wiki/e/e4/Avg_char_459_tachak_1_2.png
char_472_pasngr_n_1,https://media.prts.wiki/d/d7/Avg_char_472_pasngr_n_1.png
char_472_pasngr_n_2,https://media.prts.wiki/b/b1/Avg_char_472_pasngr_n_2.png
char_472_pasngr_n_3,https://media.prts.wiki/c/c7/Avg_char_472_pasngr_n_3.png
char_500_noirc_1,https://media.prts.wiki/6/60/Avg_char_500_noirc_1.png
char_503_rang,https://media.prts.wiki/a/ab/Avg_char_503_rang.png
char_503_rang_2,https://media.prts.wiki/6/6e/Avg_char_503_rang_2.png
char_empty,https://media.prts.wiki/b/bf/Avg_char_empty.png
